"name","category","subcategory","city","location","description","phone","website","is_premium","tier","tags"
"Marrakech Université Privée Béni Mellal","Industrie & Chimie","Mining","Béni Mellal","68 Rue Al Massira, Béni Mellal, Morocco","Entreprise du secteur Mining basée à Béni Mellal.","","","false","none","Mining,Béni Mellal"
"Dar Al Accounting Immobilier","Banque & Finance","Accounting & Audit","Dakhla","44 Bd Abdelmoumen, Dakhla, Morocco","Entreprise du secteur Accounting & Audit basée à Dakhla.","","","false","none","Accounting & Audit,Dakhla"
"Groupe Orient Avenir SARL AU","Centres d'Appel & BPO","BPO / Call Center","Guelmim","17 Bd Mohammed V, Guelmim, Morocco","Entreprise du secteur BPO / Call Center basée à Guelmim.","","","false","none","BPO / Call Center,Guelmim"
"Sahara Construction Co.","Banque & Finance","Accounting & Audit","Rabat","43 Bd Abdelmoumen, Rabat, Morocco","Entreprise du secteur Accounting & Audit basée à Rabat.","","","false","none","Accounting & Audit,Rabat"
"Al Wifaq Banking Packaging","Banque & Finance","Banking","Larache","4 Bd Anfa, Larache, Morocco","Entreprise du secteur Banking basée à Larache.","","","false","none","Banking,Larache"
"Ibn Smart Taza Market","Industrie & Chimie","Mining","Taza","132 Bd Zerktouni, Taza, Morocco","Entreprise du secteur Mining basée à Taza.","","","false","none","Mining,Taza"
"Horizon Healthcare Trading","Santé & Bien-être","Healthcare","Khemisset","135 Bd Anfa, Khemisset, Morocco","Entreprise du secteur Healthcare basée à Khemisset.","","","false","none","Healthcare,Khemisset"
"Groupe Al Massar Innov Ltd.","Services Professionnels","Security Services","Berkane","148 Rue Moulay Youssef, Berkane, Morocco","Entreprise du secteur Security Services basée à Berkane.","","","false","none","Security Services,Berkane"
"Global Systems Ltd.","Industrie & Chimie","Printing & Packaging","Salé","57 Rue Al Massira, Salé, Morocco","Entreprise du secteur Printing & Packaging basée à Salé.","","","false","none","Printing & Packaging,Salé"
"Al Nour Media Foods","Santé & Bien-être","Healthcare","Larache","124 Av Mohammed VI, Larache, Morocco","Entreprise du secteur Healthcare basée à Larache.","","","false","none","Healthcare,Larache"
"Atlas Partenaires SA","Hôtels & Hébergement","Hospitality","Béni Mellal","23 Rue Al Massira, Béni Mellal, Morocco","Entreprise du secteur Hospitality basée à Béni Mellal.","","","false","none","Hospitality,Béni Mellal"
"Orient Green Construction","Énergie & Environnement","Energy","Guelmim","32 Bd Abdelmoumen, Guelmim, Morocco","Entreprise du secteur Energy basée à Guelmim.","","","false","none","Energy,Guelmim"
"Atlas Solutions SAS","Immobilier & Construction","Real Estate","Agadir","72 Bd Mohammed V, Agadir, Morocco","Entreprise du secteur Real Estate basée à Agadir.","","","false","none","Real Estate,Agadir"
"Al Massar Security Services Groupe","Services Professionnels","Security Services","Oujda","127 Av Hassan II, Oujda, Morocco","Entreprise du secteur Security Services basée à Oujda.","","","false","none","Security Services,Oujda"
"Al Manar Connect Print","Centres d'Appel & BPO","BPO / Call Center","Béni Mellal","172 Bd Anfa, Béni Mellal, Morocco","Entreprise du secteur BPO / Call Center basée à Béni Mellal.","","","false","none","BPO / Call Center,Béni Mellal"
"Al Massar Technologies SAS","Technologie & IT","Telecom","Dakhla","101 Av Al Qods, Dakhla, Morocco","Entreprise du secteur Telecom basée à Dakhla.","","","false","none","Telecom,Dakhla"
"Al Maghrib Innov El Jadida Resort","Banque & Finance","Insurance","El Jadida","13 Bd Mohammed V, El Jadida, Morocco","Entreprise du secteur Insurance basée à El Jadida.","","","false","none","Insurance,El Jadida"
"Fes Prime Ingénierie","Industrie & Chimie","Textiles","La�youne","133 Bd Abdelmoumen, La�youne, Morocco","Entreprise du secteur Textiles basée à La�youne.","","","false","none","Textiles,La�youne"
"Agadir Industries SARL","Distribution & Commerce","Retail","Khouribga","44 Bd Moulay Ismail, Khouribga, Morocco","Entreprise du secteur Retail basée à Khouribga.","","","false","none","Retail,Khouribga"
"Al Waha Systems Temara","Banque & Finance","Accounting & Audit","Temara","163 Bd Mohammed V, Temara, Morocco","Entreprise du secteur Accounting & Audit basée à Temara.","","","false","none","Accounting & Audit,Temara"
"Agadir Marketing Services","Services Professionnels","Marketing & Advertising","El Jadida","71 Av Fal Ould Oumeir, El Jadida, Morocco","Entreprise du secteur Marketing & Advertising basée à El Jadida.","","","false","none","Marketing & Advertising,El Jadida"
"Groupe Fes Plus Ltd.","Services Professionnels","Engineering","Fès","53 Bd Abdelmoumen, Fès, Morocco","Entreprise du secteur Engineering basée à Fès.","","","false","none","Engineering,Fès"
"Amazigh Plus Systems","Industrie & Chimie","Agriculture","Ksar El Kebir","128 Rue Moulay Youssef, Ksar El Kebir, Morocco","Entreprise du secteur Agriculture basée à Ksar El Kebir.","","","false","none","Agriculture,Ksar El Kebir"
"Atlas Packaging Berkane","Distribution & Commerce","Import/Export","Berkane","4 Av Hassan II, Berkane, Morocco","Entreprise du secteur Import/Export basée à Berkane.","","","false","none","Import/Export,Berkane"
"Casa Clinic Agadir","Distribution & Commerce","Import/Export","Agadir","150 Rue Moulay Youssef, Agadir, Morocco","Entreprise du secteur Import/Export basée à Agadir.","","","false","none","Import/Export,Agadir"
"Groupe Engineering Conseil","Services Professionnels","Engineering","Dakhla","18 Av Mohammed VI, Dakhla, Morocco","Entreprise du secteur Engineering basée à Dakhla.","","","false","none","Engineering,Dakhla"
"Al Moutamayyiz Industry Oujda","Distribution & Commerce","E-commerce","Oujda","10 Bd Abdelmoumen, Oujda, Morocco","Entreprise du secteur E-commerce basée à Oujda.","","","false","none","E-commerce,Oujda"
"Al Amal Media Ifrane Construction","Technologie & IT","Telecom","Ifrane","82 Rue Moulay Youssef, Ifrane, Morocco","Entreprise du secteur Telecom basée à Ifrane.","","","false","none","Telecom,Ifrane"
"Nova Green Distribution","Transport & Logistique","Logistics & Transport","Casablanca","177 Bd Abdelmoumen, Casablanca, Morocco","Entreprise du secteur Logistics & Transport basée à Casablanca.","","","false","none","Logistics & Transport,Casablanca"
"Marocain Groupe Safi","Industrie & Chimie","Manufacturing","Safi","10 Av Mohammed VI, Safi, Morocco","Entreprise du secteur Manufacturing basée à Safi.","","","false","none","Manufacturing,Safi"
"Groupe Al Maghrib Care SARL","Distribution & Commerce","Food & Beverage","El Jadida","70 Bd Zerktouni, El Jadida, Morocco","Entreprise du secteur Food & Beverage basée à El Jadida.","","","false","none","Food & Beverage,El Jadida"
"Nova Impact Khouribga Trading","Industrie & Chimie","Printing & Packaging","Khouribga","69 Bd Mohammed V, Khouribga, Morocco","Entreprise du secteur Printing & Packaging basée à Khouribga.","","","false","none","Printing & Packaging,Khouribga"
"Vertex Manufacturing Groupe","Industrie & Chimie","Manufacturing","Temara","92 Bd Mohammed V, Temara, Morocco","Entreprise du secteur Manufacturing basée à Temara.","","","false","none","Manufacturing,Temara"
"Marrakech Construction Partenaires","Immobilier & Construction","Construction","Salé","85 Bd Anfa, Salé, Morocco","Entreprise du secteur Construction basée à Salé.","","","false","none","Construction,Salé"
"Al Wifaq Automotive Services","Industrie & Chimie","Automotive","El Jadida","102 Bd Mohammed V, El Jadida, Morocco","Entreprise du secteur Automotive basée à El Jadida.","","","false","none","Automotive,El Jadida"
"Al Atlas Université Privée Ltd.","Services Professionnels","Engineering","Marrakech","34 Rue Ibn Sina, Marrakech, Morocco","Entreprise du secteur Engineering basée à Marrakech.","","","false","none","Engineering,Marrakech"
"Ibn City Safi Group","Distribution & Commerce","Food & Beverage","Safi","61 Rue Al Massira, Safi, Morocco","Entreprise du secteur Food & Beverage basée à Safi.","","","false","none","Food & Beverage,Safi"
"Groupe Groupe Trade SAS","Industrie & Chimie","Pharmaceuticals","Safi","181 Rue Al Massira, Safi, Morocco","Entreprise du secteur Pharmaceuticals basée à Safi.","","","false","none","Pharmaceuticals,Safi"
"Alpha Import/Export Hospital","Distribution & Commerce","Import/Export","El Jadida","52 Av Fal Ould Oumeir, El Jadida, Morocco","Entreprise du secteur Import/Export basée à El Jadida.","","","false","none","Import/Export,El Jadida"
"Horizon Tech Academy","Services Professionnels","Maintenance Services","Mohammedia","61 Bd Mohammed V, Mohammedia, Morocco","Entreprise du secteur Maintenance Services basée à Mohammedia.","","","false","none","Maintenance Services,Mohammedia"
"Al Baraka Park Casablanca Transport","Industrie & Chimie","Pharmaceuticals","Casablanca","77 Rue Moulay Youssef, Casablanca, Morocco","Entreprise du secteur Pharmaceuticals basée à Casablanca.","","","false","none","Pharmaceuticals,Casablanca"
"Dynamiq Innov Meknès Industry","Industrie & Chimie","Manufacturing","Meknès","116 Bd Anfa, Meknès, Morocco","Entreprise du secteur Manufacturing basée à Meknès.","","","false","none","Manufacturing,Meknès"
"Horizon Clinic SARL","Industrie & Chimie","Printing & Packaging","Tétouan","166 Bd Zerktouni, Tétouan, Morocco","Entreprise du secteur Printing & Packaging basée à Tétouan.","","","false","none","Printing & Packaging,Tétouan"
"Al Yassir Construction Casablanca","Services Professionnels","Legal Services","Casablanca","138 Av Mohammed VI, Casablanca, Morocco","Entreprise du secteur Legal Services basée à Casablanca.","","","false","none","Legal Services,Casablanca"
"Al Nour IT Market","Technologie & IT","IT & Software","Marrakech","114 Bd Moulay Ismail, Marrakech, Morocco","Entreprise du secteur IT & Software basée à Marrakech.","","","false","none","IT & Software,Marrakech"
"Al Bahja Transport Agadir","Centres d'Appel & BPO","BPO / Call Center","Agadir","12 Bd Mohammed V, Agadir, Morocco","Entreprise du secteur BPO / Call Center basée à Agadir.","","","false","none","BPO / Call Center,Agadir"
"Al Baraka Trading Agadir","Distribution & Commerce","Food & Beverage","Agadir","192 Rue Al Massira, Agadir, Morocco","Entreprise du secteur Food & Beverage basée à Agadir.","","","false","none","Food & Beverage,Agadir"
"Al Manar Avenir Tanger Partenaires","Énergie & Environnement","Energy","Tanger","44 Rue Ibn Sina, Tanger, Morocco","Entreprise du secteur Energy basée à Tanger.","","","false","none","Energy,Tanger"
"Dar Foods Oujda","Distribution & Commerce","E-commerce","Oujda","167 Bd Abdelmoumen, Oujda, Morocco","Entreprise du secteur E-commerce basée à Oujda.","","","false","none","E-commerce,Oujda"
"Horizon Maintenance Errachidia","Industrie & Chimie","Manufacturing","Errachidia","186 Bd Mohammed V, Errachidia, Morocco","Entreprise du secteur Manufacturing basée à Errachidia.","","","false","none","Manufacturing,Errachidia"
"Andalous Industry Oujda","Services Professionnels","Legal Services","Oujda","32 Rue Ibn Sina, Oujda, Morocco","Entreprise du secteur Legal Services basée à Oujda.","","","false","none","Legal Services,Oujda"
"Marocain Centre Errachidia","Immobilier & Construction","Construction","Errachidia","44 Bd Zerktouni, Errachidia, Morocco","Entreprise du secteur Construction basée à Errachidia.","","","false","none","Construction,Errachidia"
"Groupe Atlas Media SAS","Distribution & Commerce","Retail","Ouarzazate","175 Av Fal Ould Oumeir, Ouarzazate, Morocco","Entreprise du secteur Retail basée à Ouarzazate.","","","false","none","Retail,Ouarzazate"
"Andalous Eco Conseil","Technologie & IT","Telecom","El Jadida","60 Bd Mohammed V, El Jadida, Morocco","Entreprise du secteur Telecom basée à El Jadida.","","","false","none","Telecom,El Jadida"
"Al Fath Consulting SARL","Santé & Bien-être","Healthcare","Tétouan","20 Av Al Qods, Tétouan, Morocco","Entreprise du secteur Healthcare basée à Tétouan.","","","false","none","Healthcare,Tétouan"
"Al Ibtikar Holding SA","Distribution & Commerce","Food & Beverage","Ouarzazate","41 Rue Ibn Sina, Ouarzazate, Morocco","Entreprise du secteur Food & Beverage basée à Ouarzazate.","","","false","none","Food & Beverage,Ouarzazate"
"Alpha Construction Ltd.","Banque & Finance","Accounting & Audit","Meknès","126 Rue Ibn Sina, Meknès, Morocco","Entreprise du secteur Accounting & Audit basée à Meknès.","","","false","none","Accounting & Audit,Meknès"
"Al Ibtikar Trade Technologies","Banque & Finance","Banking","Berkane","51 Bd Abdelmoumen, Berkane, Morocco","Entreprise du secteur Banking basée à Berkane.","","","false","none","Banking,Berkane"
"Al Baraka Centre Rabat Market","Distribution & Commerce","E-commerce","Rabat","96 Rue Ibn Sina, Rabat, Morocco","Entreprise du secteur E-commerce basée à Rabat.","","","false","none","E-commerce,Rabat"
"Al Amal Education Solutions","Éducation & Formation","Education","Errachidia","32 Av Hassan II, Errachidia, Morocco","Entreprise du secteur Education basée à Errachidia.","","","false","none","Education,Errachidia"
"Horizon One Consulting","Distribution & Commerce","Retail","Mohammedia","95 Av Fal Ould Oumeir, Mohammedia, Morocco","Entreprise du secteur Retail basée à Mohammedia.","","","false","none","Retail,Mohammedia"
"Al Ibtikar Maintenance SARL","Industrie & Chimie","Textiles","Ifrane","50 Rue Moulay Youssef, Ifrane, Morocco","Entreprise du secteur Textiles basée à Ifrane.","","","false","none","Textiles,Ifrane"
"Al Bahja Capital Marrakech Centre","Services Professionnels","Consulting","Marrakech","192 Bd Abdelmoumen, Marrakech, Morocco","Entreprise du secteur Consulting basée à Marrakech.","","","false","none","Consulting,Marrakech"
"Al Bahja Market Ksar El Kebir","Distribution & Commerce","Retail","Ksar El Kebir","75 Bd Abdelmoumen, Ksar El Kebir, Morocco","Entreprise du secteur Retail basée à Ksar El Kebir.","","","false","none","Retail,Ksar El Kebir"
"Tanger Automotive Maintenance","Industrie & Chimie","Automotive","Mohammedia","142 Bd Anfa, Mohammedia, Morocco","Entreprise du secteur Automotive basée à Mohammedia.","","","false","none","Automotive,Mohammedia"
"Al Moutamayyiz Print Co.","Santé & Bien-être","Healthcare","Béni Mellal","155 Av Fal Ould Oumeir, Béni Mellal, Morocco","Entreprise du secteur Healthcare basée à Béni Mellal.","","","false","none","Healthcare,Béni Mellal"
"Al Manar One Ksar El Kebir Transport","Industrie & Chimie","Printing & Packaging","Ksar El Kebir","148 Bd Mohammed V, Ksar El Kebir, Morocco","Entreprise du secteur Printing & Packaging basée à Ksar El Kebir.","","","false","none","Printing & Packaging,Ksar El Kebir"
"Vertex Partenaires SARL AU","Banque & Finance","Banking","Agadir","23 Rue Moulay Youssef, Agadir, Morocco","Entreprise du secteur Banking basée à Agadir.","","","false","none","Banking,Agadir"
"Al Maghrib Direct Salé Engineering","Centres d'Appel & BPO","BPO / Call Center","Salé","62 Av Mohammed VI, Salé, Morocco","Entreprise du secteur BPO / Call Center basée à Salé.","","","false","none","BPO / Call Center,Salé"
"Marocain BPO / Call Center Group","Centres d'Appel & BPO","BPO / Call Center","Rabat","23 Bd Anfa, Rabat, Morocco","Entreprise du secteur BPO / Call Center basée à Rabat.","","","false","none","BPO / Call Center,Rabat"
"Dynamiq Centre Oujda","Distribution & Commerce","Retail","Oujda","87 Av Al Qods, Oujda, Morocco","Entreprise du secteur Retail basée à Oujda.","","","false","none","Retail,Oujda"
"Tanger Green Maintenance","Immobilier & Construction","Construction","Tétouan","75 Rue Moulay Youssef, Tétouan, Morocco","Entreprise du secteur Construction basée à Tétouan.","","","false","none","Construction,Tétouan"
"Casaworks Consulting Systems","Services Professionnels","Consulting","Berkane","142 Rue Al Massira, Berkane, Morocco","Entreprise du secteur Consulting basée à Berkane.","","","false","none","Consulting,Berkane"
"Maroc Logistique SAS","Industrie & Chimie","Mining","Salé","169 Av Fal Ould Oumeir, Salé, Morocco","Entreprise du secteur Mining basée à Salé.","","","false","none","Mining,Salé"
"Groupe Al Kheir Build Ltd.","Industrie & Chimie","Automotive","La�youne","6 Bd Abdelmoumen, La�youne, Morocco","Entreprise du secteur Automotive basée à La�youne.","","","false","none","Automotive,La�youne"
"Ibn IT Immobilier","Technologie & IT","IT & Software","Errachidia","179 Av Mohammed VI, Errachidia, Morocco","Entreprise du secteur IT & Software basée à Errachidia.","","","false","none","IT & Software,Errachidia"
"Sahara Fusion Resort","Immobilier & Construction","Real Estate","Meknès","6 Av Mohammed VI, Meknès, Morocco","Entreprise du secteur Real Estate basée à Meknès.","","","false","none","Real Estate,Meknès"
"Global Eco Distribution","Services Professionnels","Marketing & Advertising","Meknès","22 Bd Anfa, Meknès, Morocco","Entreprise du secteur Marketing & Advertising basée à Meknès.","","","false","none","Marketing & Advertising,Meknès"
"Groupe Dynamiq Sud Co.","Centres d'Appel & BPO","BPO / Call Center","Oujda","171 Bd Zerktouni, Oujda, Morocco","Entreprise du secteur BPO / Call Center basée à Oujda.","","","false","none","BPO / Call Center,Oujda"
"Nour Telecom School","Technologie & IT","Telecom","Settat","56 Bd Zerktouni, Settat, Morocco","Entreprise du secteur Telecom basée à Settat.","","","false","none","Telecom,Settat"
"Dynamiq Nova Settat Construction","Industrie & Chimie","Agriculture","Settat","4 Bd Abdelmoumen, Settat, Morocco","Entreprise du secteur Agriculture basée à Settat.","","","false","none","Agriculture,Settat"
"Amazigh Université Privée SARL","Services Professionnels","Security Services","Marrakech","15 Av Al Qods, Marrakech, Morocco","Entreprise du secteur Security Services basée à Marrakech.","","","false","none","Security Services,Marrakech"
"Casaworks Market Ltd.","Services Professionnels","Consulting","Béni Mellal","170 Av Al Qods, Béni Mellal, Morocco","Entreprise du secteur Consulting basée à Béni Mellal.","","","false","none","Consulting,Béni Mellal"
"Al Bahja Hotel SARL","Distribution & Commerce","E-commerce","Guelmim","54 Bd Zerktouni, Guelmim, Morocco","Entreprise du secteur E-commerce basée à Guelmim.","","","false","none","E-commerce,Guelmim"
"Groupe Nova Plus SA","Santé & Bien-être","Healthcare","Tanger","18 Av Hassan II, Tanger, Morocco","Entreprise du secteur Healthcare basée à Tanger.","","","false","none","Healthcare,Tanger"
"Rabat School Co.","Banque & Finance","Accounting & Audit","Béni Mellal","179 Bd Mohammed V, Béni Mellal, Morocco","Entreprise du secteur Accounting & Audit basée à Béni Mellal.","","","false","none","Accounting & Audit,Béni Mellal"
"Groupe Maghreb Green Ltd.","Services Professionnels","Consulting","Meknès","199 Av Al Qods, Meknès, Morocco","Entreprise du secteur Consulting basée à Meknès.","","","false","none","Consulting,Meknès"
"Groupe Media Meknès Transport","Services Professionnels","Legal Services","Meknès","72 Av Al Qods, Meknès, Morocco","Entreprise du secteur Legal Services basée à Meknès.","","","false","none","Legal Services,Meknès"
"Groupe Al Atlas Green SAS","Santé & Bien-être","Healthcare","El Jadida","111 Av Mohammed VI, El Jadida, Morocco","Entreprise du secteur Healthcare basée à El Jadida.","","","false","none","Healthcare,El Jadida"
"Dar Al Transport Marrakech","Énergie & Environnement","Energy","Marrakech","108 Rue Al Massira, Marrakech, Morocco","Entreprise du secteur Energy basée à Marrakech.","","","false","none","Energy,Marrakech"
"Dar Engineering SAS","Services Professionnels","Legal Services","Safi","18 Av Mohammed VI, Safi, Morocco","Entreprise du secteur Legal Services basée à Safi.","","","false","none","Legal Services,Safi"
"Al Nour Care Temara Logistique","Services Professionnels","Maintenance Services","Temara","42 Bd Zerktouni, Temara, Morocco","Entreprise du secteur Maintenance Services basée à Temara.","","","false","none","Maintenance Services,Temara"
"Al Nour Innov Industry","Industrie & Chimie","Pharmaceuticals","Meknès","138 Av Al Qods, Meknès, Morocco","Entreprise du secteur Pharmaceuticals basée à Meknès.","","","false","none","Pharmaceuticals,Meknès"
"Elite Solutions SA","Technologie & IT","Telecom","Tétouan","49 Av Mohammed VI, Tétouan, Morocco","Entreprise du secteur Telecom basée à Tétouan.","","","false","none","Telecom,Tétouan"
"Dynamiq Holding Settat","Distribution & Commerce","Import/Export","Settat","4 Rue Ibn Sina, Settat, Morocco","Entreprise du secteur Import/Export basée à Settat.","","","false","none","Import/Export,Settat"
"Marrakech Textiles Consulting","Industrie & Chimie","Textiles","Marrakech","137 Av Fal Ould Oumeir, Marrakech, Morocco","Entreprise du secteur Textiles basée à Marrakech.","","","false","none","Textiles,Marrakech"
"Alpha Nova Ifrane Solutions","Industrie & Chimie","Mining","Ifrane","173 Bd Mohammed V, Ifrane, Morocco","Entreprise du secteur Mining basée à Ifrane.","","","false","none","Mining,Ifrane"
"Amazigh Solutions SARL AU","Banque & Finance","Insurance","Béni Mellal","48 Rue Moulay Youssef, Béni Mellal, Morocco","Entreprise du secteur Insurance basée à Béni Mellal.","","","false","none","Insurance,Béni Mellal"
"Dar Al Impact Ifrane Technologies","Distribution & Commerce","Retail","Ifrane","144 Rue Al Massira, Ifrane, Morocco","Entreprise du secteur Retail basée à Ifrane.","","","false","none","Retail,Ifrane"
"Casa Care Solutions","Énergie & Environnement","Energy","Tétouan","109 Av Mohammed VI, Tétouan, Morocco","Entreprise du secteur Energy basée à Tétouan.","","","false","none","Energy,Tétouan"
"Amazigh Transport SA","Services Professionnels","Security Services","Safi","170 Bd Zerktouni, Safi, Morocco","Entreprise du secteur Security Services basée à Safi.","","","false","none","Security Services,Safi"
"Al Digital Mohammedia","Services Professionnels","Legal Services","Mohammedia","23 Bd Mohammed V, Mohammedia, Morocco","Entreprise du secteur Legal Services basée à Mohammedia.","","","false","none","Legal Services,Mohammedia"
"Amazigh Engineering Ifrane","Technologie & IT","Telecom","Ifrane","41 Bd Anfa, Ifrane, Morocco","Entreprise du secteur Telecom basée à Ifrane.","","","false","none","Telecom,Ifrane"
"Al Wifaq One Errachidia Partenaires","Distribution & Commerce","Retail","Errachidia","100 Rue Al Massira, Errachidia, Morocco","Entreprise du secteur Retail basée à Errachidia.","","","false","none","Retail,Errachidia"
"Atlas Immobilier Tanger","Services Professionnels","Cleaning Services","Tanger","116 Av Hassan II, Tanger, Morocco","Entreprise du secteur Cleaning Services basée à Tanger.","","","false","none","Cleaning Services,Tanger"
"Ibn Ingénierie Rabat","Services Professionnels","Security Services","Rabat","195 Bd Zerktouni, Rabat, Morocco","Entreprise du secteur Security Services basée à Rabat.","","","false","none","Security Services,Rabat"
"Sahara Transport Ltd.","Distribution & Commerce","E-commerce","Rabat","143 Rue Ibn Sina, Rabat, Morocco","Entreprise du secteur E-commerce basée à Rabat.","","","false","none","E-commerce,Rabat"
"Orient Sécurité Khemisset","Banque & Finance","Insurance","Khemisset","31 Rue Al Massira, Khemisset, Morocco","Entreprise du secteur Insurance basée à Khemisset.","","","false","none","Insurance,Khemisset"
"Al Waha Care Solutions","Santé & Bien-être","Healthcare","Casablanca","61 Av Fal Ould Oumeir, Casablanca, Morocco","Entreprise du secteur Healthcare basée à Casablanca.","","","false","none","Healthcare,Casablanca"
"Al Massar Immobilier Meknès","Immobilier & Construction","Construction","Meknès","110 Bd Moulay Ismail, Meknès, Morocco","Entreprise du secteur Construction basée à Meknès.","","","false","none","Construction,Meknès"
"Orient Education Systems","Éducation & Formation","Education","Nador","112 Rue Ibn Sina, Nador, Morocco","Entreprise du secteur Education basée à Nador.","","","false","none","Education,Nador"
"Sahara Healthcare Engineering","Santé & Bien-être","Healthcare","Taza","39 Rue Moulay Youssef, Taza, Morocco","Entreprise du secteur Healthcare basée à Taza.","","","false","none","Healthcare,Taza"
"Global Prestige Distribution","Industrie & Chimie","Printing & Packaging","Safi","172 Bd Moulay Ismail, Safi, Morocco","Entreprise du secteur Printing & Packaging basée à Safi.","","","false","none","Printing & Packaging,Safi"
"Groupe Al Moutamayyiz Fusion SAS","Technologie & IT","Telecom","Ouarzazate","28 Rue Moulay Youssef, Ouarzazate, Morocco","Entreprise du secteur Telecom basée à Ouarzazate.","","","false","none","Telecom,Ouarzazate"
"Amazigh Food Industries","Distribution & Commerce","Food & Beverage","Oujda","180 Rue Ibn Sina, Oujda, Morocco","Entreprise du secteur Food & Beverage basée à Oujda.","","","false","none","Food & Beverage,Oujda"
"Casa Hospital Khouribga","Services Professionnels","Legal Services","Khouribga","195 Bd Abdelmoumen, Khouribga, Morocco","Entreprise du secteur Legal Services basée à Khouribga.","","","false","none","Legal Services,Khouribga"
"Agadir Partners SARL AU","Distribution & Commerce","Retail","Tanger","115 Av Hassan II, Tanger, Morocco","Entreprise du secteur Retail basée à Tanger.","","","false","none","Retail,Tanger"
"Alpha Transport SARL AU","Santé & Bien-être","Healthcare","Marrakech","53 Av Al Qods, Marrakech, Morocco","Entreprise du secteur Healthcare basée à Marrakech.","","","false","none","Healthcare,Marrakech"
"Groupe Dar Nord Ltd.","Technologie & IT","IT & Software","Casablanca","182 Av Hassan II, Casablanca, Morocco","Entreprise du secteur IT & Software basée à Casablanca.","","","false","none","IT & Software,Casablanca"
"Apex Logistics Logistique","Transport & Logistique","Logistics & Transport","Taza","131 Bd Zerktouni, Taza, Morocco","Entreprise du secteur Logistics & Transport basée à Taza.","","","false","none","Logistics & Transport,Taza"
"Rabat Fusion Fès Ingénierie","Services Professionnels","Legal Services","Fès","116 Rue Moulay Youssef, Fès, Morocco","Entreprise du secteur Legal Services basée à Fès.","","","false","none","Legal Services,Fès"
"Sahara Construction SARL AU","Immobilier & Construction","Construction","Temara","5 Bd Zerktouni, Temara, Morocco","Entreprise du secteur Construction basée à Temara.","","","false","none","Construction,Temara"
"Apex Prestige Fès Hotel","Industrie & Chimie","Agriculture","Fès","197 Rue Al Massira, Fès, Morocco","Entreprise du secteur Agriculture basée à Fès.","","","false","none","Agriculture,Fès"
"Nova Sécurité SAS","Immobilier & Construction","Real Estate","Béni Mellal","121 Rue Ibn Sina, Béni Mellal, Morocco","Entreprise du secteur Real Estate basée à Béni Mellal.","","","false","none","Real Estate,Béni Mellal"
"Marrakech Pro Logistique","Industrie & Chimie","Manufacturing","Safi","130 Rue Moulay Youssef, Safi, Morocco","Entreprise du secteur Manufacturing basée à Safi.","","","false","none","Manufacturing,Safi"
"Rif Engineering Ouarzazate","Immobilier & Construction","Real Estate","Ouarzazate","199 Bd Abdelmoumen, Ouarzazate, Morocco","Entreprise du secteur Real Estate basée à Ouarzazate.","","","false","none","Real Estate,Ouarzazate"
"Al Baraka Insurance Labs","Banque & Finance","Insurance","Marrakech","199 Av Mohammed VI, Marrakech, Morocco","Entreprise du secteur Insurance basée à Marrakech.","","","false","none","Insurance,Marrakech"
"Orient Nova Ksar El Kebir Industry","Industrie & Chimie","Agriculture","Ksar El Kebir","92 Av Fal Ould Oumeir, Ksar El Kebir, Morocco","Entreprise du secteur Agriculture basée à Ksar El Kebir.","","","false","none","Agriculture,Ksar El Kebir"
"Global Solutions Co.","Services Professionnels","Legal Services","Marrakech","9 Bd Moulay Ismail, Marrakech, Morocco","Entreprise du secteur Legal Services basée à Marrakech.","","","false","none","Legal Services,Marrakech"
"Tanger Construction Ltd.","Distribution & Commerce","E-commerce","Tétouan","118 Av Mohammed VI, Tétouan, Morocco","Entreprise du secteur E-commerce basée à Tétouan.","","","false","none","E-commerce,Tétouan"
"Groupe Al Fath Tech SA","Technologie & IT","IT & Software","Meknès","154 Bd Mohammed V, Meknès, Morocco","Entreprise du secteur IT & Software basée à Meknès.","","","false","none","IT & Software,Meknès"
"Atlas Marketing Partenaires","Services Professionnels","Marketing & Advertising","Meknès","134 Av Hassan II, Meknès, Morocco","Entreprise du secteur Marketing & Advertising basée à Meknès.","","","false","none","Marketing & Advertising,Meknès"
"Alpha Nettoyage SAS","Services Professionnels","Security Services","Tanger","125 Av Fal Ould Oumeir, Tanger, Morocco","Entreprise du secteur Security Services basée à Tanger.","","","false","none","Security Services,Tanger"
"Marocain Digital Berkane","Distribution & Commerce","Import/Export","Berkane","11 Bd Mohammed V, Berkane, Morocco","Entreprise du secteur Import/Export basée à Berkane.","","","false","none","Import/Export,Berkane"
"Nour Tech Safi Print","Distribution & Commerce","Import/Export","Safi","98 Av Hassan II, Safi, Morocco","Entreprise du secteur Import/Export basée à Safi.","","","false","none","Import/Export,Safi"
"Marocain Distribution SARL","Centres d'Appel & BPO","BPO / Call Center","Nador","100 Av Al Qods, Nador, Morocco","Entreprise du secteur BPO / Call Center basée à Nador.","","","false","none","BPO / Call Center,Nador"
"Groupe Rabat Avenir Co.","Technologie & IT","Telecom","Dakhla","62 Bd Zerktouni, Dakhla, Morocco","Entreprise du secteur Telecom basée à Dakhla.","","","false","none","Telecom,Dakhla"
"Alpha Pharma SA","Services Professionnels","Engineering","Salé","187 Av Hassan II, Salé, Morocco","Entreprise du secteur Engineering basée à Salé.","","","false","none","Engineering,Salé"
"Groupe Al Fath Innov SA","Services Professionnels","Security Services","Tétouan","10 Bd Abdelmoumen, Tétouan, Morocco","Entreprise du secteur Security Services basée à Tétouan.","","","false","none","Security Services,Tétouan"
"Horizon Telecom Holding","Technologie & IT","Telecom","Meknès","90 Av Hassan II, Meknès, Morocco","Entreprise du secteur Telecom basée à Meknès.","","","false","none","Telecom,Meknès"
"Rif Media Sécurité","Centres d'Appel & BPO","BPO / Call Center","Oujda","192 Bd Anfa, Oujda, Morocco","Entreprise du secteur BPO / Call Center basée à Oujda.","","","false","none","BPO / Call Center,Oujda"
"Groupe Al Amal Pro Ltd.","Industrie & Chimie","Textiles","Rabat","83 Bd Anfa, Rabat, Morocco","Entreprise du secteur Textiles basée à Rabat.","","","false","none","Textiles,Rabat"
"Al Bahja Maintenance SAS","Transport & Logistique","Logistics & Transport","Ifrane","87 Av Fal Ould Oumeir, Ifrane, Morocco","Entreprise du secteur Logistics & Transport basée à Ifrane.","","","false","none","Logistics & Transport,Ifrane"
"Al Yassir E-commerce Groupe","Distribution & Commerce","E-commerce","Ouarzazate","196 Bd Zerktouni, Ouarzazate, Morocco","Entreprise du secteur E-commerce basée à Ouarzazate.","","","false","none","E-commerce,Ouarzazate"
"Apex Nova Rabat Distribution","Services Professionnels","Maintenance Services","Rabat","6 Rue Al Massira, Rabat, Morocco","Entreprise du secteur Maintenance Services basée à Rabat.","","","false","none","Maintenance Services,Rabat"
"Al Wifaq Plus Resort","Transport & Logistique","Logistics & Transport","Nador","127 Rue Al Massira, Nador, Morocco","Entreprise du secteur Logistics & Transport basée à Nador.","","","false","none","Logistics & Transport,Nador"
"Marrakech Maintenance Services Conseil","Services Professionnels","Maintenance Services","Tétouan","128 Rue Al Massira, Tétouan, Morocco","Entreprise du secteur Maintenance Services basée à Tétouan.","","","false","none","Maintenance Services,Tétouan"
"Vertex Market Dakhla","Industrie & Chimie","Textiles","Dakhla","26 Bd Moulay Ismail, Dakhla, Morocco","Entreprise du secteur Textiles basée à Dakhla.","","","false","none","Textiles,Dakhla"
"Al Nour Labs SARL","Services Professionnels","Engineering","Guelmim","50 Bd Anfa, Guelmim, Morocco","Entreprise du secteur Engineering basée à Guelmim.","","","false","none","Engineering,Guelmim"
"Apex Packaging SA","Distribution & Commerce","Food & Beverage","Ouarzazate","121 Rue Al Massira, Ouarzazate, Morocco","Entreprise du secteur Food & Beverage basée à Ouarzazate.","","","false","none","Food & Beverage,Ouarzazate"
"Al Maghrib Legal Services Industries","Services Professionnels","Legal Services","Mohammedia","20 Rue Moulay Youssef, Mohammedia, Morocco","Entreprise du secteur Legal Services basée à Mohammedia.","","","false","none","Legal Services,Mohammedia"
"Al Manar Nettoyage Ltd.","Industrie & Chimie","Textiles","Oujda","7 Bd Abdelmoumen, Oujda, Morocco","Entreprise du secteur Textiles basée à Oujda.","","","false","none","Textiles,Oujda"
"Agadir Pharmaceuticals Pharma","Industrie & Chimie","Pharmaceuticals","Khouribga","27 Bd Moulay Ismail, Khouribga, Morocco","Entreprise du secteur Pharmaceuticals basée à Khouribga.","","","false","none","Pharmaceuticals,Khouribga"
"Groupe Al Fath Sud SA","Services Professionnels","Maintenance Services","Khouribga","165 Av Al Qods, Khouribga, Morocco","Entreprise du secteur Maintenance Services basée à Khouribga.","","","false","none","Maintenance Services,Khouribga"
"Global Hospital SA","Industrie & Chimie","Agriculture","Ifrane","125 Av Fal Ould Oumeir, Ifrane, Morocco","Entreprise du secteur Agriculture basée à Ifrane.","","","false","none","Agriculture,Ifrane"
"Al Fath Media Béni Mellal Hospital","Énergie & Environnement","Energy","Béni Mellal","88 Rue Ibn Sina, Béni Mellal, Morocco","Entreprise du secteur Energy basée à Béni Mellal.","","","false","none","Energy,Béni Mellal"
"Groupe Elite Trade SAS","Centres d'Appel & BPO","BPO / Call Center","Khemisset","161 Rue Al Massira, Khemisset, Morocco","Entreprise du secteur BPO / Call Center basée à Khemisset.","","","false","none","BPO / Call Center,Khemisset"
"Ibn Hospitality Logistique","Hôtels & Hébergement","Hospitality","Nador","183 Bd Moulay Ismail, Nador, Morocco","Entreprise du secteur Hospitality basée à Nador.","","","false","none","Hospitality,Nador"
"Andalous Insurance Store","Banque & Finance","Insurance","Ouarzazate","85 Av Hassan II, Ouarzazate, Morocco","Entreprise du secteur Insurance basée à Ouarzazate.","","","false","none","Insurance,Ouarzazate"
"Al Maghrib Transport Fès","Hôtels & Hébergement","Hospitality","Fès","115 Rue Al Massira, Fès, Morocco","Entreprise du secteur Hospitality basée à Fès.","","","false","none","Hospitality,Fès"
"Groupe Al Kheir Green SARL AU","Banque & Finance","Banking","Mohammedia","45 Rue Al Massira, Mohammedia, Morocco","Entreprise du secteur Banking basée à Mohammedia.","","","false","none","Banking,Mohammedia"
"Ibn Hotel SAS","Services Professionnels","Maintenance Services","Agadir","79 Rue Ibn Sina, Agadir, Morocco","Entreprise du secteur Maintenance Services basée à Agadir.","","","false","none","Maintenance Services,Agadir"
"Rif Manufacturing Groupe","Industrie & Chimie","Manufacturing","Mohammedia","144 Av Hassan II, Mohammedia, Morocco","Entreprise du secteur Manufacturing basée à Mohammedia.","","","false","none","Manufacturing,Mohammedia"
"Maroc Conseil SAS","Immobilier & Construction","Real Estate","Settat","150 Av Mohammed VI, Settat, Morocco","Entreprise du secteur Real Estate basée à Settat.","","","false","none","Real Estate,Settat"
"Al Yassir Immobilier Rabat","Industrie & Chimie","Automotive","Rabat","174 Av Mohammed VI, Rabat, Morocco","Entreprise du secteur Automotive basée à Rabat.","","","false","none","Automotive,Rabat"
"Rabat Care Béni Mellal Ingénierie","Services Professionnels","Security Services","Béni Mellal","107 Rue Al Massira, Béni Mellal, Morocco","Entreprise du secteur Security Services basée à Béni Mellal.","","","false","none","Security Services,Béni Mellal"
"Groupe Rif Tech SARL","Transport & Logistique","Logistics & Transport","Guelmim","127 Bd Zerktouni, Guelmim, Morocco","Entreprise du secteur Logistics & Transport basée à Guelmim.","","","false","none","Logistics & Transport,Guelmim"
"Marocain Mining Store","Industrie & Chimie","Mining","Marrakech","12 Av Al Qods, Marrakech, Morocco","Entreprise du secteur Mining basée à Marrakech.","","","false","none","Mining,Marrakech"
"Nova Maintenance Services Groupe","Services Professionnels","Maintenance Services","Tanger","80 Av Fal Ould Oumeir, Tanger, Morocco","Entreprise du secteur Maintenance Services basée à Tanger.","","","false","none","Maintenance Services,Tanger"
"Al Amal Industries Dakhla","Distribution & Commerce","Food & Beverage","Dakhla","51 Bd Abdelmoumen, Dakhla, Morocco","Entreprise du secteur Food & Beverage basée à Dakhla.","","","false","none","Food & Beverage,Dakhla"
"Elite Store SARL","Éducation & Formation","Education","Settat","53 Bd Zerktouni, Settat, Morocco","Entreprise du secteur Education basée à Settat.","","","false","none","Education,Settat"
"Al Ibtikar Green El Jadida Nettoyage","Éducation & Formation","Education","El Jadida","65 Bd Anfa, El Jadida, Morocco","Entreprise du secteur Education basée à El Jadida.","","","false","none","Education,El Jadida"
"Apex Innov Ouarzazate Academy","Services Professionnels","Maintenance Services","Ouarzazate","135 Bd Mohammed V, Ouarzazate, Morocco","Entreprise du secteur Maintenance Services basée à Ouarzazate.","","","false","none","Maintenance Services,Ouarzazate"
"Al Ibtikar Energy Sécurité","Énergie & Environnement","Energy","Rabat","95 Bd Abdelmoumen, Rabat, Morocco","Entreprise du secteur Energy basée à Rabat.","","","false","none","Energy,Rabat"
"Al Fath Marina Store","Distribution & Commerce","Retail","Berkane","153 Bd Abdelmoumen, Berkane, Morocco","Entreprise du secteur Retail basée à Berkane.","","","false","none","Retail,Berkane"
"Horizon Industries Settat","Banque & Finance","Accounting & Audit","Settat","36 Bd Moulay Ismail, Settat, Morocco","Entreprise du secteur Accounting & Audit basée à Settat.","","","false","none","Accounting & Audit,Settat"
"Vertex Labs SARL","Distribution & Commerce","Import/Export","Ifrane","22 Av Fal Ould Oumeir, Ifrane, Morocco","Entreprise du secteur Import/Export basée à Ifrane.","","","false","none","Import/Export,Ifrane"
"Al Baraka Green Tanger Consulting","Industrie & Chimie","Automotive","Tanger","118 Bd Mohammed V, Tanger, Morocco","Entreprise du secteur Automotive basée à Tanger.","","","false","none","Automotive,Tanger"
"Al Massar Consulting SAS","Services Professionnels","Marketing & Advertising","Errachidia","45 Av Fal Ould Oumeir, Errachidia, Morocco","Entreprise du secteur Marketing & Advertising basée à Errachidia.","","","false","none","Marketing & Advertising,Errachidia"
"Al Baraka Print Khemisset","Banque & Finance","Insurance","Khemisset","90 Rue Al Massira, Khemisset, Morocco","Entreprise du secteur Insurance basée à Khemisset.","","","false","none","Insurance,Khemisset"
"Elite Fusion Digital","Immobilier & Construction","Real Estate","Ksar El Kebir","171 Av Al Qods, Ksar El Kebir, Morocco","Entreprise du secteur Real Estate basée à Ksar El Kebir.","","","false","none","Real Estate,Ksar El Kebir"
"Al Amal Impact Errachidia Digital","Services Professionnels","Engineering","Errachidia","164 Bd Zerktouni, Errachidia, Morocco","Entreprise du secteur Engineering basée à Errachidia.","","","false","none","Engineering,Errachidia"
"Alpha Solutions Ltd.","Industrie & Chimie","Textiles","Khemisset","188 Av Mohammed VI, Khemisset, Morocco","Entreprise du secteur Textiles basée à Khemisset.","","","false","none","Textiles,Khemisset"
"Apex Healthcare Group","Santé & Bien-être","Healthcare","Ifrane","26 Av Mohammed VI, Ifrane, Morocco","Entreprise du secteur Healthcare basée à Ifrane.","","","false","none","Healthcare,Ifrane"
"Nour Université Privée Tanger","Distribution & Commerce","E-commerce","Tanger","103 Rue Ibn Sina, Tanger, Morocco","Entreprise du secteur E-commerce basée à Tanger.","","","false","none","E-commerce,Tanger"
"Al Fath Partenaires Ltd.","Distribution & Commerce","Food & Beverage","Ksar El Kebir","31 Rue Ibn Sina, Ksar El Kebir, Morocco","Entreprise du secteur Food & Beverage basée à Ksar El Kebir.","","","false","none","Food & Beverage,Ksar El Kebir"
"Groupe Maghreb One Co.","Distribution & Commerce","Import/Export","Rabat","168 Bd Anfa, Rabat, Morocco","Entreprise du secteur Import/Export basée à Rabat.","","","false","none","Import/Export,Rabat"
"Casaworks Plus Mohammedia Hotel","Hôtels & Hébergement","Hospitality","Mohammedia","91 Av Hassan II, Mohammedia, Morocco","Entreprise du secteur Hospitality basée à Mohammedia.","","","false","none","Hospitality,Mohammedia"
"Al Yassir Partners Agadir","Distribution & Commerce","E-commerce","Agadir","194 Bd Abdelmoumen, Agadir, Morocco","Entreprise du secteur E-commerce basée à Agadir.","","","false","none","E-commerce,Agadir"
"Union Telecom Technologies","Technologie & IT","Telecom","Larache","22 Rue Al Massira, Larache, Morocco","Entreprise du secteur Telecom basée à Larache.","","","false","none","Telecom,Larache"
"Ibn Pharmaceuticals Industry","Industrie & Chimie","Pharmaceuticals","Ifrane","31 Av Hassan II, Ifrane, Morocco","Entreprise du secteur Pharmaceuticals basée à Ifrane.","","","false","none","Pharmaceuticals,Ifrane"
"Al Plus Ksar El Kebir Distribution","Services Professionnels","Cleaning Services","Ksar El Kebir","149 Rue Ibn Sina, Ksar El Kebir, Morocco","Entreprise du secteur Cleaning Services basée à Ksar El Kebir.","","","false","none","Cleaning Services,Ksar El Kebir"
"Dynamiq Trade Digital","Industrie & Chimie","Manufacturing","Settat","134 Bd Mohammed V, Settat, Morocco","Entreprise du secteur Manufacturing basée à Settat.","","","false","none","Manufacturing,Settat"
"Casaworks Green Holding","Banque & Finance","Banking","Kenitra","190 Bd Zerktouni, Kenitra, Morocco","Entreprise du secteur Banking basée à Kenitra.","","","false","none","Banking,Kenitra"
"Groupe Rabat Prestige SAS","Santé & Bien-être","Healthcare","Dakhla","38 Rue Al Massira, Dakhla, Morocco","Entreprise du secteur Healthcare basée à Dakhla.","","","false","none","Healthcare,Dakhla"
"Al Massar Pro Khouribga Print","Immobilier & Construction","Real Estate","Khouribga","107 Bd Zerktouni, Khouribga, Morocco","Entreprise du secteur Real Estate basée à Khouribga.","","","false","none","Real Estate,Khouribga"
"Al Ibtikar Labs Ouarzazate","Services Professionnels","Consulting","Ouarzazate","7 Bd Abdelmoumen, Ouarzazate, Morocco","Entreprise du secteur Consulting basée à Ouarzazate.","","","false","none","Consulting,Ouarzazate"
"Omega Healthcare Transport","Santé & Bien-être","Healthcare","Guelmim","149 Bd Moulay Ismail, Guelmim, Morocco","Entreprise du secteur Healthcare basée à Guelmim.","","","false","none","Healthcare,Guelmim"
"Al Yassir Legal Services Market","Services Professionnels","Legal Services","Ifrane","158 Bd Mohammed V, Ifrane, Morocco","Entreprise du secteur Legal Services basée à Ifrane.","","","false","none","Legal Services,Ifrane"
"Al Moutamayyiz Accounting Conseil","Banque & Finance","Accounting & Audit","Safi","192 Bd Moulay Ismail, Safi, Morocco","Entreprise du secteur Accounting & Audit basée à Safi.","","","false","none","Accounting & Audit,Safi"
